Short,Formula,Charge,Letter,Name,Degenerate
A,C10H14N5O7P,-2,A,AMP
C,C9H14N3O8P,-2,C,CMP
G,C10H14N5O8P,-2,G,GMP
U,C9H13N2O9P,-2,U,UMP
R,-,-2,R,Purine,A|G
Y,-,-2,Y,Pyrimidine,C|T
S,-,-2,S,Strong,G|C
W,-,-2,W,Weak,A|T
K,-,-2,K,Keto,G|T
M,-,-2,M,Amino,A|C
B,-,-2,B,!A,C|G|T
D,-,-2,D,!C,A|G|T
H,-,-2,H,!G,A|C|T
V,-,-2,V,!T,A|C|G
N,-,-2,N,Nucleotide,A|T|G|C
dA,C10H14N5O6P,-2,dA,dAMP
dC,C9H14N3O7P,-2,dC,dCMP
dG,C10H14N5O7P,-2,dG,dGMP
dT,C10H14N5O7P,-2,dT,dTMP
dU,C9H13N2O8P,-2,dU,dUMP
dR,-,-2,dR,Purine,dA|dG
dY,-,-2,dY,Pyrimidine,dC|dT
dS,-,-2,dS,Strong,dG|dC
dW,-,-2,dW,Weak,dA|dT
dK,-,-2,dK,Keto,dG|dT
dM,-,-2,dM,Amino,dA|dC
dB,-,-2,dB,!A,dC|dG|dT
dD,-,-2,dD,!C,dA|dG|dT
dH,-,-2,dH,!G,dA|dC|dT
dV,-,-2,dV,!T,dA|dC|dG
dN,-,-2,dN,Deoxyribonucleotide,dA|dT|dC|dG